"DisplayName","City","Country","GivenName","Surname","Department","JobTitle","PhysicalDeliveryOfficeName","PostalCode","State","StreetAddress","TelephoneNumber","UsageLocation"
"Alex Wilber","San Diego","United States","Alex","Wilber","Marketing","Marketing Assistant","131/1104","92121","CA","9256 Towne Center Dr., Suite 400","+1 858 555 0110","US"
"Allan Deyoung","Waukesha","United States","Allan","Deyoung","IT","IT Admin","24/1106","53188","WI","N19 W24133 Riverwood Dr., Suite 150","+1 262 555 0106","US"
"Diego Siciliani","Birmingham","United States","Diego","Siciliani","HR","HR Manager","14/1108","35243","AL","3535 Gradview Parkway Suite 335","+1 205 555 0108","US"
"Isaiah Langer","Tulsa","United States","Isaiah","Langer","Sales","Sales Rep","20/1101","74133","OK","7633 E. 63rd Place, Suite 300","+1 918 555 0101","US"
"Joni Sherman","Charlotte","United States","Joni","Sherman","Legal","Paralegal","20/1109","28273","NC","8055 Microsoft Way","+1 980 555 0101","US"
"Lynne Robbins","Tulsa","United States","Lynne","Robbins","Retail","Planner","20/1104","74133","OK","7633 E. 63rd Place, Suite 300","+1 918 555 0104","US"
"Megan Bowen","Pittsburgh","United States","Megan","Bowen","Marketing","Marketing Manager","12/1110","15212","PA","30 Isabella St., Second Floor","+1 412 555 0109","US"
"Nestor Wilke","Seattle","United States","Nestor","Wilke","Operations","Director","36/2121","98109","WA","320 Westlake Ave N. Thomas St.","+1 206 555 0105","US"
"Patti Fernandez","Louisville","United States","Patti","Fernandez","Executive Management","President","15/1102","40223","KY","9900 Corporate Campus Dr., Suite 3000","+1 502 555 0144","US"
